{"cameraMode":{"drawMode":0,"name":"Shaded","section":"Shading Mode"},"sceneLighting":false,"audioPlay":false,"sceneViewState":{"showFog":true,"showMaterialUpdate":false,"showSkybox":false,"showFlares":true,"showImageEffects":true,"showParticleSystems":true},"in2DMode":false,"pivot":{"x":22.71847152709961,"y":-10.073465347290039,"z":24.186100006103517},"rotation":{"x":-0.14469975233078004,"y":-0.7048874497413635,"z":0.15048247575759889,"w":-0.6779170632362366},"size":25.03937339782715,"orthographic":false}