{"cameraMode":{"drawMode":0,"name":"Shaded","section":"Shading Mode"},"sceneLighting":false,"audioPlay":false,"sceneViewState":{"showFog":true,"showMaterialUpdate":false,"showSkybox":false,"showFlares":true,"showImageEffects":true,"showParticleSystems":true},"in2DMode":false,"pivot":{"x":5.269457817077637,"y":-1.3335704803466797,"z":3.9740817546844484},"rotation":{"x":0.46604031324386599,"y":0.5301816463470459,"z":-0.45553112030029299,"w":0.5424120426177979},"size":11.04510498046875,"orthographic":false}