{"cameraMode":{"drawMode":0,"name":"Shaded","section":"Shading Mode"},"sceneLighting":false,"audioPlay":false,"sceneViewState":{"showFog":true,"showMaterialUpdate":false,"showSkybox":false,"showFlares":true,"showImageEffects":true,"showParticleSystems":true},"in2DMode":false,"pivot":{"x":0.0464816689491272,"y":0.6462053060531616,"z":0.058396875858306888},"rotation":{"x":-0.2631015181541443,"y":0.5531598329544067,"z":-0.1896628439426422,"w":-0.7673486471176148},"size":1.3912264108657838,"orthographic":false}