{"cameraMode":{"drawMode":0,"name":"Shaded","section":"Shading Mode"},"sceneLighting":false,"audioPlay":false,"sceneViewState":{"showFog":true,"showMaterialUpdate":false,"showSkybox":false,"showFlares":true,"showImageEffects":true,"showParticleSystems":true},"in2DMode":false,"pivot":{"x":-0.009638547897338868,"y":0.09999733418226242,"z":25.094730377197267},"rotation":{"x":-0.2631015181541443,"y":0.5531598329544067,"z":-0.1896628439426422,"w":-0.7673486471176148},"size":25.03937339782715,"orthographic":false}